Epoch,Train Loss
1,0.18140220642089844
2,0.36204254627227783
