Epoch,Train Loss
1,0.1846836507320404
2,0.20318132638931274
