Epoch,Train Loss
1,0.18140220642089844
2,0.36204254627227783
1,0.19407284259796143
2,0.3867141902446747
1,0.19274857640266418
2,0.38347625732421875
